"","URL"
"1","https://www.zillow.com/homedetails/44503849_zpid/"
"2","https://www.zillow.com/homedetails/44499242_zpid/"
"3","https://www.zillow.com/homedetails/99399635_zpid/"
"4","https://www.zillow.com/homedetails/44494726_zpid/"
"5","https://www.zillow.com/homedetails/44501925_zpid/"
"6","https://www.zillow.com/homedetails/44483492_zpid/"
"7","https://www.zillow.com/homedetails/44475792_zpid/"
"8","https://www.zillow.com/homedetails/44479691_zpid/"
"9","https://www.zillow.com/homedetails/44498810_zpid/"
"10","https://www.zillow.com/homedetails/44489996_zpid/"
"11","https://www.zillow.com/homedetails/44489180_zpid/"
"12","https://www.zillow.com/homedetails/44467814_zpid/"
"13","https://www.zillow.com/homedetails/44491364_zpid/"
"14","https://www.zillow.com/homedetails/122976169_zpid/"
"15","https://www.zillow.com/homedetails/44503074_zpid/"
"16","https://www.zillow.com/homedetails/44423969_zpid/"
"17","https://www.zillow.com/homedetails/44490672_zpid/"
"18","https://www.zillow.com/homedetails/44498474_zpid/"
"19","https://www.zillow.com/homedetails/2095219520_zpid/"
"20","https://www.zillow.com/homedetails/44502522_zpid/"
"21","https://www.zillow.com/homedetails/2125444577_zpid/"
"22","https://www.zillow.com/homedetails/44415531_zpid/"
"23","https://www.zillow.com/homedetails/44500351_zpid/"
"24","https://www.zillow.com/homedetails/109746030_zpid/"
"25","https://www.zillow.com/homedetails/44483419_zpid/"
"26","https://www.zillow.com/homedetails/44483433_zpid/"
"27","https://www.zillow.com/homedetails/44501135_zpid/"
"28","https://www.zillow.com/homedetails/44465504_zpid/"
"29","https://www.zillow.com/homedetails/2094894547_zpid/"
"30","https://www.zillow.com/homedetails/44496080_zpid/"
"31","https://www.zillow.com/homedetails/44420522_zpid/"
"32","https://www.zillow.com/homedetails/44418965_zpid/"
"33","https://www.zillow.com/homedetails/71042376_zpid/"
"34","https://www.zillow.com/homedetails/126586221_zpid/"
"35","https://www.zillow.com/homedetails/44492846_zpid/"
"36","https://www.zillow.com/homedetails/44409508_zpid/"
"37","https://www.zillow.com/homedetails/2096109639_zpid/"
"38","https://www.zillow.com/homedetails/44414524_zpid/"
"39","https://www.zillow.com/homedetails/44498849_zpid/"
"40","https://www.zillow.com/homedetails/44470141_zpid/"
"41","https://www.zillow.com/homedetails/2094880106_zpid/"
"42","https://www.zillow.com/homedetails/44500020_zpid/"
"43","https://www.zillow.com/homedetails/44422013_zpid/"
"44","https://www.zillow.com/homedetails/126714926_zpid/"
"45","https://www.zillow.com/homedetails/2094880311_zpid/"
"46","https://www.zillow.com/homedetails/2103647277_zpid/"
"47","https://www.zillow.com/homedetails/44490596_zpid/"
"48","https://www.zillow.com/homedetails/44497916_zpid/"
"49","https://www.zillow.com/homedetails/44499152_zpid/"
"50","https://www.zillow.com/homedetails/44414603_zpid/"
"51","https://www.zillow.com/homedetails/44483553_zpid/"
"52","https://www.zillow.com/homedetails/44420771_zpid/"
"53","https://www.zillow.com/homedetails/44495491_zpid/"
"54","https://www.zillow.com/homedetails/44412038_zpid/"
"55","https://www.zillow.com/homedetails/44467972_zpid/"
"56","https://www.zillow.com/homedetails/128660573_zpid/"
"57","https://www.zillow.com/homedetails/2103647269_zpid/"
"58","https://www.zillow.com/homedetails/44497670_zpid/"
"59","https://www.zillow.com/homedetails/44500309_zpid/"
"60","https://www.zillow.com/homedetails/44498994_zpid/"
"61","https://www.zillow.com/homedetails/44483408_zpid/"
"62","https://www.zillow.com/homedetails/44411176_zpid/"
"63","https://www.zillow.com/homedetails/2094869610_zpid/"
"64","https://www.zillow.com/homedetails/44490573_zpid/"
"65","https://www.zillow.com/homedetails/44490151_zpid/"
"66","https://www.zillow.com/homedetails/44480776_zpid/"
"67","https://www.zillow.com/homedetails/81793932_zpid/"
"68","https://www.zillow.com/homedetails/44471483_zpid/"
"69","https://www.zillow.com/homedetails/44475820_zpid/"
"70","https://www.zillow.com/homedetails/44410979_zpid/"
"71","https://www.zillow.com/homedetails/44500728_zpid/"
"72","https://www.zillow.com/homedetails/44467180_zpid/"
"73","https://www.zillow.com/homedetails/44415512_zpid/"
"74","https://www.zillow.com/homedetails/44493737_zpid/"
"75","https://www.zillow.com/homedetails/44495601_zpid/"
"76","https://www.zillow.com/homedetails/44503898_zpid/"
"77","https://www.zillow.com/homedetails/44430267_zpid/"
"78","https://www.zillow.com/homedetails/44490345_zpid/"
"79","https://www.zillow.com/homedetails/71036438_zpid/"
"80","https://www.zillow.com/homedetails/44488370_zpid/"
"81","https://www.zillow.com/homedetails/44481683_zpid/"
"82","https://www.zillow.com/homedetails/44425337_zpid/"
"83","https://www.zillow.com/homedetails/122976143_zpid/"
"84","https://www.zillow.com/homedetails/44419255_zpid/"
"85","https://www.zillow.com/homedetails/44408251_zpid/"
"86","https://www.zillow.com/homedetails/2114570710_zpid/"
"87","https://www.zillow.com/homedetails/44495497_zpid/"
"88","https://www.zillow.com/homedetails/44494647_zpid/"
"89","https://www.zillow.com/homedetails/44494584_zpid/"
"90","https://www.zillow.com/homedetails/66136307_zpid/"
"91","https://www.zillow.com/homedetails/44480400_zpid/"
"92","https://www.zillow.com/homedetails/44473999_zpid/"
"93","https://www.zillow.com/homedetails/44413443_zpid/"
"94","https://www.zillow.com/homedetails/44418711_zpid/"
"95","https://www.zillow.com/homedetails/44430000_zpid/"
"96","https://www.zillow.com/homedetails/82979858_zpid/"
"97","https://www.zillow.com/homedetails/44480808_zpid/"
"98","https://www.zillow.com/homedetails/44411345_zpid/"
"99","https://www.zillow.com/homedetails/44425064_zpid/"
"100","https://www.zillow.com/homedetails/44472132_zpid/"
"101","https://www.zillow.com/homedetails/44472291_zpid/"
"102","https://www.zillow.com/homedetails/81803592_zpid/"
"103","https://www.zillow.com/homedetails/2094951290_zpid/"
"104","https://www.zillow.com/homedetails/44431570_zpid/"
"105","https://www.zillow.com/homedetails/44419191_zpid/"
"106","https://www.zillow.com/homedetails/71033620_zpid/"
"107","https://www.zillow.com/homedetails/44424567_zpid/"
"108","https://www.zillow.com/homedetails/2103623076_zpid/"
"109","https://www.zillow.com/homedetails/44470730_zpid/"
"110","https://www.zillow.com/homedetails/58655399_zpid/"
"111","https://www.zillow.com/homedetails/113376336_zpid/"
"112","https://www.zillow.com/homedetails/126588212_zpid/"
"113","https://www.zillow.com/homedetails/2103647280_zpid/"
"114","https://www.zillow.com/homedetails/44421958_zpid/"
"115","https://www.zillow.com/homedetails/44417192_zpid/"
"116","https://www.zillow.com/homedetails/44470658_zpid/"
"117","https://www.zillow.com/homedetails/113197920_zpid/"
"118","https://www.zillow.com/homedetails/82984179_zpid/"
"119","https://www.zillow.com/homedetails/89859346_zpid/"
"120","https://www.zillow.com/homedetails/44471931_zpid/"
"121","https://www.zillow.com/homedetails/2094985434_zpid/"
"122","https://www.zillow.com/homedetails/2103647273_zpid/"
"123","https://www.zillow.com/homedetails/44494563_zpid/"
"124","https://www.zillow.com/homedetails/44499623_zpid/"
"125","https://www.zillow.com/homedetails/44471288_zpid/"
"126","https://www.zillow.com/homedetails/44409509_zpid/"
"127","https://www.zillow.com/homedetails/44491697_zpid/"
"128","https://www.zillow.com/homedetails/2106705755_zpid/"
"129","https://www.zillow.com/homedetails/44498120_zpid/"
"130","https://www.zillow.com/homedetails/89857656_zpid/"
"131","https://www.zillow.com/homedetails/117370956_zpid/"
"132","https://www.zillow.com/homedetails/2094985433_zpid/"
"133","https://www.zillow.com/homedetails/2094974420_zpid/"
"134","https://www.zillow.com/homedetails/44498065_zpid/"
"135","https://www.zillow.com/homedetails/2103647265_zpid/"
"136","https://www.zillow.com/homedetails/71034928_zpid/"
"137","https://www.zillow.com/homedetails/89855940_zpid/"
"138","https://www.zillow.com/homedetails/126893704_zpid/"
"139","https://www.zillow.com/homedetails/44495994_zpid/"
"140","https://www.zillow.com/homedetails/61275576_zpid/"
"141","https://www.zillow.com/homedetails/44495050_zpid/"
"142","https://www.zillow.com/homedetails/44428119_zpid/"
"143","https://www.zillow.com/homedetails/126411192_zpid/"
"144","https://www.zillow.com/homedetails/44469108_zpid/"
"145","https://www.zillow.com/homedetails/44471357_zpid/"
"146","https://www.zillow.com/homedetails/44503712_zpid/"
"147","https://www.zillow.com/homedetails/44465245_zpid/"
"148","https://www.zillow.com/homedetails/44469803_zpid/"
"149","https://www.zillow.com/homedetails/71038143_zpid/"
"150","https://www.zillow.com/homedetails/44470992_zpid/"
"151","https://www.zillow.com/homedetails/89856606_zpid/"
"152","https://www.zillow.com/homedetails/44469359_zpid/"
"153","https://www.zillow.com/homedetails/126071001_zpid/"
"154","https://www.zillow.com/homedetails/44468280_zpid/"
"155","https://www.zillow.com/homedetails/44465782_zpid/"
"156","https://www.zillow.com/homedetails/2113635032_zpid/"
"157","https://www.zillow.com/homedetails/44482894_zpid/"
"158","https://www.zillow.com/homedetails/44501286_zpid/"
"159","https://www.zillow.com/homedetails/44469854_zpid/"
"160","https://www.zillow.com/homedetails/44431872_zpid/"
"161","https://www.zillow.com/homedetails/44429908_zpid/"
"162","https://www.zillow.com/homedetails/126062689_zpid/"
"163","https://www.zillow.com/homedetails/44493587_zpid/"
"164","https://www.zillow.com/homedetails/44489793_zpid/"
"165","https://www.zillow.com/homedetails/44491522_zpid/"
"166","https://www.zillow.com/homedetails/2095132379_zpid/"
"167","https://www.zillow.com/homedetails/44472541_zpid/"
"168","https://www.zillow.com/homedetails/82993448_zpid/"
"169","https://www.zillow.com/homedetails/44471273_zpid/"
"170","https://www.zillow.com/homedetails/44409589_zpid/"
"171","https://www.zillow.com/homedetails/44492634_zpid/"
"172","https://www.zillow.com/homedetails/44496141_zpid/"
"173","https://www.zillow.com/homedetails/44490204_zpid/"
"174","https://www.zillow.com/homedetails/44474151_zpid/"
"175","https://www.zillow.com/homedetails/71038666_zpid/"
"176","https://www.zillow.com/homedetails/44490350_zpid/"
"177","https://www.zillow.com/homedetails/44472487_zpid/"
"178","https://www.zillow.com/homedetails/44469227_zpid/"
"179","https://www.zillow.com/homedetails/44492310_zpid/"
"180","https://www.zillow.com/homedetails/71041875_zpid/"
"181","https://www.zillow.com/homedetails/2102094757_zpid/"
"182","https://www.zillow.com/homedetails/2095178264_zpid/"
"183","https://www.zillow.com/homedetails/44491285_zpid/"
"184","https://www.zillow.com/homedetails/82979002_zpid/"
"185","https://www.zillow.com/homedetails/44489992_zpid/"
"186","https://www.zillow.com/homedetails/44413909_zpid/"
"187","https://www.zillow.com/homedetails/125836807_zpid/"
"188","https://www.zillow.com/homedetails/44414652_zpid/"
"189","https://www.zillow.com/homedetails/44407469_zpid/"
"190","https://www.zillow.com/homedetails/125836074_zpid/"
"191","https://www.zillow.com/homedetails/44471685_zpid/"
"192","https://www.zillow.com/homedetails/44408460_zpid/"
"193","https://www.zillow.com/homedetails/44469323_zpid/"
"194","https://www.zillow.com/homedetails/44414460_zpid/"
"195","https://www.zillow.com/homedetails/44493027_zpid/"
"196","https://www.zillow.com/homedetails/2095007207_zpid/"
"197","https://www.zillow.com/homedetails/44476245_zpid/"
"198","https://www.zillow.com/homedetails/44490023_zpid/"
"199","https://www.zillow.com/homedetails/109762001_zpid/"
"200","https://www.zillow.com/homedetails/44497097_zpid/"
"201","https://www.zillow.com/homedetails/44416471_zpid/"
"202","https://www.zillow.com/homedetails/44431838_zpid/"
"203","https://www.zillow.com/homedetails/44430807_zpid/"
"204","https://www.zillow.com/homedetails/44482618_zpid/"
"205","https://www.zillow.com/homedetails/44424995_zpid/"
"206","https://www.zillow.com/homedetails/44498711_zpid/"
"207","https://www.zillow.com/homedetails/44482505_zpid/"
"208","https://www.zillow.com/homedetails/44498255_zpid/"
"209","https://www.zillow.com/homedetails/44430397_zpid/"
"210","https://www.zillow.com/homedetails/44504646_zpid/"
"211","https://www.zillow.com/homedetails/2095147375_zpid/"
"212","https://www.zillow.com/homedetails/71034923_zpid/"
"213","https://www.zillow.com/homedetails/44412685_zpid/"
"214","https://www.zillow.com/homedetails/109769212_zpid/"
"215","https://www.zillow.com/homedetails/44415002_zpid/"
"216","https://www.zillow.com/homedetails/109766771_zpid/"
"217","https://www.zillow.com/homedetails/44479584_zpid/"
"218","https://www.zillow.com/homedetails/44488921_zpid/"
"219","https://www.zillow.com/homedetails/44475074_zpid/"
"220","https://www.zillow.com/homedetails/44499633_zpid/"
"221","https://www.zillow.com/homedetails/44428675_zpid/"
"222","https://www.zillow.com/homedetails/44499332_zpid/"
"223","https://www.zillow.com/homedetails/2095155770_zpid/"
"224","https://www.zillow.com/homedetails/109759287_zpid/"
"225","https://www.zillow.com/homedetails/122976171_zpid/"
"226","https://www.zillow.com/homedetails/44420386_zpid/"
"227","https://www.zillow.com/homedetails/126878087_zpid/"
"228","https://www.zillow.com/homedetails/44411100_zpid/"
"229","https://www.zillow.com/homedetails/44489295_zpid/"
"230","https://www.zillow.com/homedetails/89855566_zpid/"
"231","https://www.zillow.com/homedetails/109764242_zpid/"
"232","https://www.zillow.com/homedetails/44480607_zpid/"
"233","https://www.zillow.com/homedetails/44500980_zpid/"
"234","https://www.zillow.com/homedetails/44464953_zpid/"
"235","https://www.zillow.com/homedetails/44479317_zpid/"
"236","https://www.zillow.com/homedetails/44424294_zpid/"
"237","https://www.zillow.com/homedetails/2095090551_zpid/"
"238","https://www.zillow.com/homedetails/44497630_zpid/"
"239","https://www.zillow.com/homedetails/44475568_zpid/"
"240","https://www.zillow.com/homedetails/44473650_zpid/"
"241","https://www.zillow.com/homedetails/44421906_zpid/"
"242","https://www.zillow.com/homedetails/44499478_zpid/"
"243","https://www.zillow.com/homedetails/2095009095_zpid/"
"244","https://www.zillow.com/homedetails/44481067_zpid/"
"245","https://www.zillow.com/homedetails/83004039_zpid/"
"246","https://www.zillow.com/homedetails/44424497_zpid/"
"247","https://www.zillow.com/homedetails/89849275_zpid/"
"248","https://www.zillow.com/homedetails/44420695_zpid/"
"249","https://www.zillow.com/homedetails/44413126_zpid/"
"250","https://www.zillow.com/homedetails/44430031_zpid/"
"251","https://www.zillow.com/homedetails/44474552_zpid/"
"252","https://www.zillow.com/homedetails/44414744_zpid/"
"253","https://www.zillow.com/homedetails/82997149_zpid/"
"254","https://www.zillow.com/homedetails/44418065_zpid/"
"255","https://www.zillow.com/homedetails/44497416_zpid/"
"256","https://www.zillow.com/homedetails/2095199360_zpid/"
"257","https://www.zillow.com/homedetails/2110418271_zpid/"
"258","https://www.zillow.com/homedetails/44415690_zpid/"
"259","https://www.zillow.com/homedetails/44492825_zpid/"
"260","https://www.zillow.com/homedetails/44493727_zpid/"
"261","https://www.zillow.com/homedetails/44425376_zpid/"
"262","https://www.zillow.com/homedetails/2111347067_zpid/"
"263","https://www.zillow.com/homedetails/2111609479_zpid/"
"264","https://www.zillow.com/homedetails/82993764_zpid/"
"265","https://www.zillow.com/homedetails/44498951_zpid/"
"266","https://www.zillow.com/homedetails/82994799_zpid/"
"267","https://www.zillow.com/homedetails/44421727_zpid/"
"268","https://www.zillow.com/homedetails/44424614_zpid/"
"269","https://www.zillow.com/homedetails/44410684_zpid/"
"270","https://www.zillow.com/homedetails/2095183212_zpid/"
"271","https://www.zillow.com/homedetails/44415714_zpid/"
"272","https://www.zillow.com/homedetails/2103647283_zpid/"
"273","https://www.zillow.com/homedetails/44497429_zpid/"
"274","https://www.zillow.com/homedetails/2109544354_zpid/"
"275","https://www.zillow.com/homedetails/44489159_zpid/"
"276","https://www.zillow.com/homedetails/71036698_zpid/"
"277","https://www.zillow.com/homedetails/2103647268_zpid/"
"278","https://www.zillow.com/homedetails/58478691_zpid/"
"279","https://www.zillow.com/homedetails/2095067106_zpid/"
"280","https://www.zillow.com/homedetails/2095067206_zpid/"
"281","https://www.zillow.com/homedetails/2095067167_zpid/"
"282","https://www.zillow.com/homedetails/2095067120_zpid/"
"283","https://www.zillow.com/homedetails/2103647278_zpid/"
"284","https://www.zillow.com/homedetails/2095067127_zpid/"
"285","https://www.zillow.com/homedetails/2095067096_zpid/"
"286","https://www.zillow.com/homedetails/2106926044_zpid/"
"287","https://www.zillow.com/homedetails/2103647275_zpid/"
"288","https://www.zillow.com/homedetails/2095067211_zpid/"
"289","https://www.zillow.com/homedetails/2095067183_zpid/"
"290","https://www.zillow.com/homedetails/2103647271_zpid/"
"291","https://www.zillow.com/homedetails/2103647279_zpid/"
"292","https://www.zillow.com/homedetails/2095067229_zpid/"
"293","https://www.zillow.com/homedetails/2095067084_zpid/"
"294","https://www.zillow.com/homedetails/2095067121_zpid/"
"295","https://www.zillow.com/homedetails/44479911_zpid/"
"296","https://www.zillow.com/homedetails/44499035_zpid/"
"297","https://www.zillow.com/homedetails/44482688_zpid/"
"298","https://www.zillow.com/homedetails/44482930_zpid/"
"299","https://www.zillow.com/homedetails/44480619_zpid/"
"300","https://www.zillow.com/homedetails/44483521_zpid/"
"301","https://www.zillow.com/homedetails/44499517_zpid/"
"302","https://www.zillow.com/homedetails/44497611_zpid/"
"303","https://www.zillow.com/homedetails/44500905_zpid/"
"304","https://www.zillow.com/homedetails/44482546_zpid/"
"305","https://www.zillow.com/homedetails/117146890_zpid/"
"306","https://www.zillow.com/homedetails/2095455216_zpid/"
"307","https://www.zillow.com/homedetails/126878089_zpid/"
"308","https://www.zillow.com/homedetails/89856189_zpid/"
"309","https://www.zillow.com/homedetails/44489133_zpid/"
"310","https://www.zillow.com/homedetails/44501838_zpid/"
"311","https://www.zillow.com/homedetails/44488385_zpid/"
"312","https://www.zillow.com/homedetails/44500700_zpid/"
"313","https://www.zillow.com/homedetails/44417147_zpid/"
"314","https://www.zillow.com/homedetails/44495894_zpid/"
"315","https://www.zillow.com/homedetails/89836933_zpid/"
"316","https://www.zillow.com/homedetails/118286381_zpid/"
"317","https://www.zillow.com/homedetails/44469685_zpid/"
"318","https://www.zillow.com/homedetails/44469910_zpid/"
"319","https://www.zillow.com/homedetails/2144030814_zpid/"
"320","https://www.zillow.com/homedetails/44503683_zpid/"
"321","https://www.zillow.com/homedetails/2095852302_zpid/"
"322","https://www.zillow.com/homedetails/44466044_zpid/"
"323","https://www.zillow.com/homedetails/44471894_zpid/"
"324","https://www.zillow.com/homedetails/44465292_zpid/"
"325","https://www.zillow.com/homedetails/44471939_zpid/"
"326","https://www.zillow.com/homedetails/44501714_zpid/"
"327","https://www.zillow.com/homedetails/44420552_zpid/"
"328","https://www.zillow.com/homedetails/126749505_zpid/"
"329","https://www.zillow.com/homedetails/128824799_zpid/"
"330","https://www.zillow.com/homedetails/44502609_zpid/"
"331","https://www.zillow.com/homedetails/124830286_zpid/"
"332","https://www.zillow.com/homedetails/2095520770_zpid/"
"333","https://www.zillow.com/homedetails/117356720_zpid/"
"334","https://www.zillow.com/homedetails/44468180_zpid/"
"335","https://www.zillow.com/homedetails/128816342_zpid/"
"336","https://www.zillow.com/homedetails/44482482_zpid/"
"337","https://www.zillow.com/homedetails/44471581_zpid/"
"338","https://www.zillow.com/homedetails/44471687_zpid/"
"339","https://www.zillow.com/homedetails/44468926_zpid/"
"340","https://www.zillow.com/homedetails/44503488_zpid/"
"341","https://www.zillow.com/homedetails/44417778_zpid/"
"342","https://www.zillow.com/homedetails/44469985_zpid/"
"343","https://www.zillow.com/homedetails/44468845_zpid/"
"344","https://www.zillow.com/homedetails/44488942_zpid/"
"345","https://www.zillow.com/homedetails/44532011_zpid/"
"346","https://www.zillow.com/homedetails/44474456_zpid/"
"347","https://www.zillow.com/homedetails/126406729_zpid/"
"348","https://www.zillow.com/homedetails/44464911_zpid/"
"349","https://www.zillow.com/homedetails/126903516_zpid/"
"350","https://www.zillow.com/homedetails/44466061_zpid/"
"351","https://www.zillow.com/homedetails/128575430_zpid/"
"352","https://www.zillow.com/homedetails/128575406_zpid/"
"353","https://www.zillow.com/homedetails/89836288_zpid/"
"354","https://www.zillow.com/homedetails/44504162_zpid/"
"355","https://www.zillow.com/homedetails/44471312_zpid/"
"356","https://www.zillow.com/homedetails/44422030_zpid/"
"357","https://www.zillow.com/homedetails/81380023_zpid/"
"358","https://www.zillow.com/homedetails/128583826_zpid/"
"359","https://www.zillow.com/homedetails/44465760_zpid/"
"360","https://www.zillow.com/homedetails/126071055_zpid/"
"361","https://www.zillow.com/homedetails/44468377_zpid/"
"362","https://www.zillow.com/homedetails/126071042_zpid/"
"363","https://www.zillow.com/homedetails/128660649_zpid/"
"364","https://www.zillow.com/homedetails/128815916_zpid/"
"365","https://www.zillow.com/homedetails/44472327_zpid/"
"366","https://www.zillow.com/homedetails/126088275_zpid/"
"367","https://www.zillow.com/homedetails/44468002_zpid/"
"368","https://www.zillow.com/homedetails/126071041_zpid/"
"369","https://www.zillow.com/homedetails/128660576_zpid/"
"370","https://www.zillow.com/homedetails/126406731_zpid/"
"371","https://www.zillow.com/homedetails/44501429_zpid/"
"372","https://www.zillow.com/homedetails/44464745_zpid/"
"373","https://www.zillow.com/homedetails/89845214_zpid/"
"374","https://www.zillow.com/homedetails/128815913_zpid/"
"375","https://www.zillow.com/homedetails/128816433_zpid/"
"376","https://www.zillow.com/homedetails/128660836_zpid/"
"377","https://www.zillow.com/homedetails/44491254_zpid/"
"378","https://www.zillow.com/homedetails/128804063_zpid/"
"379","https://www.zillow.com/homedetails/2099551423_zpid/"
"380","https://www.zillow.com/homedetails/126749165_zpid/"
"381","https://www.zillow.com/homedetails/128816340_zpid/"
"382","https://www.zillow.com/homedetails/44423789_zpid/"
"383","https://www.zillow.com/homedetails/128816547_zpid/"
"384","https://www.zillow.com/homedetails/128660575_zpid/"
"385","https://www.zillow.com/homedetails/128861753_zpid/"
"386","https://www.zillow.com/homedetails/44489309_zpid/"
"387","https://www.zillow.com/homedetails/44413312_zpid/"
"388","https://www.zillow.com/homedetails/2099551638_zpid/"
"389","https://www.zillow.com/homedetails/128660570_zpid/"
"390","https://www.zillow.com/homedetails/128621229_zpid/"
"391","https://www.zillow.com/homedetails/44504436_zpid/"
"392","https://www.zillow.com/homedetails/125731844_zpid/"
"393","https://www.zillow.com/homedetails/44481647_zpid/"
"394","https://www.zillow.com/homedetails/44497216_zpid/"
"395","https://www.zillow.com/homedetails/2098373348_zpid/"
"396","https://www.zillow.com/homedetails/44496211_zpid/"
"397","https://www.zillow.com/homedetails/44407414_zpid/"
"398","https://www.zillow.com/homedetails/62774502_zpid/"
"399","https://www.zillow.com/homedetails/128816400_zpid/"
"400","https://www.zillow.com/homedetails/44423646_zpid/"
"401","https://www.zillow.com/homedetails/128816339_zpid/"
"402","https://www.zillow.com/homedetails/126887650_zpid/"
"403","https://www.zillow.com/homedetails/128803403_zpid/"
"404","https://www.zillow.com/homedetails/128583546_zpid/"
"405","https://www.zillow.com/homedetails/128620589_zpid/"
"406","https://www.zillow.com/homedetails/44476047_zpid/"
"407","https://www.zillow.com/homedetails/82987458_zpid/"
"408","https://www.zillow.com/homedetails/109776039_zpid/"
"409","https://www.zillow.com/homedetails/44468709_zpid/"
"410","https://www.zillow.com/homedetails/44504630_zpid/"
"411","https://www.zillow.com/homedetails/61275772_zpid/"
"412","https://www.zillow.com/homedetails/126715632_zpid/"
"413","https://www.zillow.com/homedetails/126746822_zpid/"
"414","https://www.zillow.com/homedetails/44421899_zpid/"
"415","https://www.zillow.com/homedetails/128816337_zpid/"
"416","https://www.zillow.com/homedetails/128575416_zpid/"
"417","https://www.zillow.com/homedetails/126746821_zpid/"
"418","https://www.zillow.com/homedetails/55115846_zpid/"
"419","https://www.zillow.com/homedetails/128575431_zpid/"
"420","https://www.zillow.com/homedetails/44492594_zpid/"
"421","https://www.zillow.com/homedetails/2095450262_zpid/"
"422","https://www.zillow.com/homedetails/128803954_zpid/"
"423","https://www.zillow.com/homedetails/128621230_zpid/"
"424","https://www.zillow.com/homedetails/126406716_zpid/"
"425","https://www.zillow.com/homedetails/128803953_zpid/"
"426","https://www.zillow.com/homedetails/128577894_zpid/"
"427","https://www.zillow.com/homedetails/128621231_zpid/"
"428","https://www.zillow.com/homedetails/44473738_zpid/"
"429","https://www.zillow.com/homedetails/44471660_zpid/"
"430","https://www.zillow.com/homedetails/82991004_zpid/"
"431","https://www.zillow.com/homedetails/44499282_zpid/"
"432","https://www.zillow.com/homedetails/44500036_zpid/"
"433","https://www.zillow.com/homedetails/128825091_zpid/"
"434","https://www.zillow.com/homedetails/126890257_zpid/"
"435","https://www.zillow.com/homedetails/128577612_zpid/"
"436","https://www.zillow.com/homedetails/128577609_zpid/"
"437","https://www.zillow.com/homedetails/128620590_zpid/"
"438","https://www.zillow.com/homedetails/128577466_zpid/"
"439","https://www.zillow.com/homedetails/128577448_zpid/"
"440","https://www.zillow.com/homedetails/44498480_zpid/"
"441","https://www.zillow.com/homedetails/44430510_zpid/"
"442","https://www.zillow.com/homedetails/44428189_zpid/"
"443","https://www.zillow.com/homedetails/55114532_zpid/"
"444","https://www.zillow.com/homedetails/126088282_zpid/"
"445","https://www.zillow.com/homedetails/44417779_zpid/"
"446","https://www.zillow.com/homedetails/126714947_zpid/"
"447","https://www.zillow.com/homedetails/2095504256_zpid/"
"448","https://www.zillow.com/homedetails/44408763_zpid/"
"449","https://www.zillow.com/homedetails/44483459_zpid/"
"450","https://www.zillow.com/homedetails/123576540_zpid/"
"451","https://www.zillow.com/homedetails/128575405_zpid/"
"452","https://www.zillow.com/homedetails/122975882_zpid/"
"453","https://www.zillow.com/homedetails/128583840_zpid/"
"454","https://www.zillow.com/homedetails/128577611_zpid/"
"455","https://www.zillow.com/homedetails/128620596_zpid/"
"456","https://www.zillow.com/homedetails/128577608_zpid/"
"457","https://www.zillow.com/homedetails/128583648_zpid/"
"458","https://www.zillow.com/homedetails/128621298_zpid/"
"459","https://www.zillow.com/homedetails/44416444_zpid/"
"460","https://www.zillow.com/homedetails/128575427_zpid/"
"461","https://www.zillow.com/homedetails/128576367_zpid/"
"462","https://www.zillow.com/homedetails/128583547_zpid/"
"463","https://www.zillow.com/homedetails/128620597_zpid/"
"464","https://www.zillow.com/homedetails/128577464_zpid/"
"465","https://www.zillow.com/homedetails/44482651_zpid/"
"466","https://www.zillow.com/homedetails/44502909_zpid/"
"467","https://www.zillow.com/homedetails/2096071834_zpid/"
"468","https://www.zillow.com/homedetails/44470262_zpid/"
"469","https://www.zillow.com/homedetails/128576311_zpid/"
"470","https://www.zillow.com/homedetails/44470801_zpid/"
"471","https://www.zillow.com/homedetails/82981047_zpid/"
"472","https://www.zillow.com/homedetails/44469906_zpid/"
"473","https://www.zillow.com/homedetails/82990434_zpid/"
"474","https://www.zillow.com/homedetails/44502772_zpid/"
"475","https://www.zillow.com/homedetails/109747728_zpid/"
"476","https://www.zillow.com/homedetails/126587324_zpid/"
"477","https://www.zillow.com/homedetails/128575415_zpid/"
"478","https://www.zillow.com/homedetails/43709520_zpid/"
"479","https://www.zillow.com/homedetails/2106705755_zpid/"
"480","https://www.zillow.com/homedetails/2094973327_zpid/"
"481","https://www.zillow.com/homedetails/2095680471_zpid/"
"482","https://www.zillow.com/homedetails/2104164197_zpid/"
"483","https://www.zillow.com/homedetails/2095178679_zpid/"
"484","https://www.zillow.com/homedetails/2095178673_zpid/"
"485","https://www.zillow.com/homedetails/43688130_zpid/"
"486","https://www.zillow.com/homedetails/44506436_zpid/"
"487","https://www.zillow.com/homedetails/44498120_zpid/"
"488","https://www.zillow.com/homedetails/103501921_zpid/"
"489","https://www.zillow.com/homedetails/2094982698_zpid/"
"490","https://www.zillow.com/homedetails/89857656_zpid/"
"491","https://www.zillow.com/homedetails/117370956_zpid/"
"492","https://www.zillow.com/homedetails/2098300398_zpid/"
"493","https://www.zillow.com/homedetails/2096288448_zpid/"
"494","https://www.zillow.com/homedetails/121156487_zpid/"
"495","https://www.zillow.com/homedetails/2094988857_zpid/"
"496","https://www.zillow.com/homedetails/2095178666_zpid/"
"497","https://www.zillow.com/homedetails/2095680482_zpid/"
"498","https://www.zillow.com/homedetails/53737252_zpid/"
"499","https://www.zillow.com/homedetails/43666975_zpid/"
"500","https://www.zillow.com/homedetails/2098300397_zpid/"
"501","https://www.zillow.com/homedetails/2094988858_zpid/"
"502","https://www.zillow.com/homedetails/2094949177_zpid/"
"503","https://www.zillow.com/homedetails/2094947650_zpid/"
"504","https://www.zillow.com/homedetails/2095178675_zpid/"
"505","https://www.zillow.com/homedetails/43664361_zpid/"
"506","https://www.zillow.com/homedetails/2094974420_zpid/"
"507","https://www.zillow.com/homedetails/43702331_zpid/"
"508","https://www.zillow.com/homedetails/82995008_zpid/"
"509","https://www.zillow.com/homedetails/2098300422_zpid/"
"510","https://www.zillow.com/homedetails/53737423_zpid/"
"511","https://www.zillow.com/homedetails/2098300426_zpid/"
"512","https://www.zillow.com/homedetails/62629232_zpid/"
"513","https://www.zillow.com/homedetails/44498065_zpid/"
"514","https://www.zillow.com/homedetails/43694643_zpid/"
"515","https://www.zillow.com/homedetails/83000745_zpid/"
"516","https://www.zillow.com/homedetails/2094967251_zpid/"
"517","https://www.zillow.com/homedetails/43689650_zpid/"
"518","https://www.zillow.com/homedetails/44432477_zpid/"
"519","https://www.zillow.com/homedetails/80774373_zpid/"
"520","https://www.zillow.com/homedetails/47735986_zpid/"
"521","https://www.zillow.com/homedetails/60332890_zpid/"
"522","https://www.zillow.com/homedetails/2103647265_zpid/"
"523","https://www.zillow.com/homedetails/44557470_zpid/"
"524","https://www.zillow.com/homedetails/44567937_zpid/"
"525","https://www.zillow.com/homedetails/2123594591_zpid/"
"526","https://www.zillow.com/homedetails/44406472_zpid/"
"527","https://www.zillow.com/homedetails/122976133_zpid/"
